{"cameraMode":{"drawMode":0,"name":"Shaded","section":"Shading Mode"},"sceneLighting":true,"audioPlay":false,"sceneViewState":{"showFog":true,"showMaterialUpdate":false,"showSkybox":true,"showFlares":true,"showImageEffects":true,"showParticleSystems":true},"in2DMode":false,"pivot":{"x":-0.06153106689453125,"y":5.491424560546875,"z":39.18547439575195},"rotation":{"x":-0.24130524694919587,"y":0.6548027396202087,"z":-0.2333315759897232,"w":-0.677182674407959},"size":35.592159271240237,"orthographic":false}