{"cameraMode":{"drawMode":0,"name":"Shaded","section":"Shading Mode"},"sceneLighting":true,"audioPlay":false,"sceneViewState":{"showFog":true,"showMaterialUpdate":true,"showSkybox":true,"showFlares":true,"showImageEffects":true,"showParticleSystems":true},"in2DMode":false,"pivot":{"x":-0.12077920138835907,"y":9.252187728881836,"z":1.1994047164916993},"rotation":{"x":0.07432731986045838,"y":-0.007479191292077303,"z":0.000557436200324446,"w":0.9972060322761536},"size":11.119990348815918,"orthographic":false}